"context	",type,date,country,region,price,currency,memo
Overseas travel insurance for 2 years,insurance,2022/5/16,Japan,-,465250,JPY,-
with limited pass for 30 days,ticket,2022/5/19,Australia,-,450,AUD,-
St.Mery Chruch,inspection,2022/5/19,Australia,Sydney,0,AUD,-
Blue Mountains,trekking,2022/5/20,Australia,Blue Mountains,0,AUD,-
Echo Point,inspection,2022/5/20,Australia,Blue Mountains,0,AUD,-
Australia national museum,inspection,2022/5/21,Australia,Sydney,0,AUD,-
Melbourne zoo,inspection,2022/5/22,Australia,Melbourne,40,AUD,-
The Royal Museum,inspection,2022/5/23,Australia,Melbourne,0,AUD,-
Ramen lunch,Eating,2022/5/23,Australia,Melbourne,15.5,AUD,-
St.Patric cathedral,inspection,2022/5/23,Australia,Melbourne,0,AUD,-
island philip beach,walking,2022/5/23,Australia,island philip,0,AUD,-
couldn't enter my room,accident,2022/5/25,Australia,island philip,0,AUD,-
Had a fever,accident,2022/5/25,Australia,island philip,0,AUD,-
Bus Lunch,Eating,2022/5/27,Australia,Melbourne,9.5,AUD,-
moana beach,walking,2022/5/28,Australia,Adelade,0,AUD,-
Garlic bread and beer,Eating,2022/5/28,Australia,Adelade,15,AUD,-
belair,trekking,2022/5/29,Australia,Adelade,0,AUD,-
Electric kickboard,Kick board,2022/5/30,Australia,Adelade,5,AUD,-
Adelade art museum,inspection,2022/5/30,Australia,Adelade,5,AUD,-
St.Petro Cathedral,inspection,2022/5/30,Australia,Adelade,0,AUD,-
Adelade library,inspection,2022/5/30,Australia,Adelade,0,AUD,-
light Viewing spot,walking,2022/5/30,Australia,Adelade,0,AUD,-
Alice springs mountans,trekking,2022/6/1,Australia,Alice Springs,0,AUD,-
"lost my mountain 
hoodie",accident,2022/6/2,Australia,Alice Springs,0,AUD,-
Alice springs dessert park,Cycring,2022/6/2,Australia,Alice Springs,45,AUD,-
Burgar king,Eating,2022/6/3,Australia,Alice Springs,11.5,AUD,-
telegraph station,inspection,2022/6/3,Australia,Alice Springs,16,AUD,-
river side walking,walking,2022/6/3,Australia,Alice Springs,0,AUD,-
Alice springs mountans,trekking,2022/6/3,Australia,Alice Springs,0,AUD,-
anzac hill,trekking,2022/6/3,Australia,Alice Springs,0,AUD,-
shower fee,other,2022/6/3,Australia,Alice Springs,5,AUD,-
waintg a bus in gas station for 1 hour,accident,2022/6/3,Australia,Alice Springs,0,AUD,-
"Practing a
boomerang with old man ",walking,2022/6/5,Australia,Darwin,0,AUD,-
1 day pass for darwin,ticket,2022/6/6,Australia,Darwin,7,AUD,-
ice cream and cola,Eating,2022/6/6,Australia,Darwin,9,AUD,-
around with water front,walking,2022/6/6,Australia,Darwin,0,AUD,-
mindir beach,walking,2022/6/6,Australia,Darwin,0,AUD,-
east point,walking,2022/6/6,Australia,Darwin,0,AUD,-
darwin national park,walking,2022/6/6,Australia,Darwin,0,AUD,-
The Museum and Art Gallery of the Northern Territory ,inspection,2022/6/7,Australia,Darwin,0,AUD,-
coffee,Eating,2022/6/7,Australia,Darwin,4.5,AUD,-
over baggage weight fee,accident,2022/6/7,Australia,Darwin,45,AUD,-
eating in the airport,Eating,2022/6/7,Australia,Darwin,24,AUD,-
Cairns beach,walking,2022/6/8,Australia,Cairns,0,AUD,-
lunch,Eating,2022/6/9,Australia,palm cove,15,AUD,-
palm cove beach,walking,2022/6/9,Australia,palm cove,0,AUD,-
sky rail,cable car,2022/6/10,Australia,Cairns,89,AUD,-
Curanda village,walking,2022/6/10,Australia,Cairns,0,AUD,-
baron fall,inspection,2022/6/10,Australia,Cairns,0,AUD,-
Great Barrier Reef,Tour,2022/6/11,Australia,island green,105,AUD,-
fried squid,Eating,2022/6/12,Australia,between cairns and townsville,7.4,AUD,-
townsville church,inspection,2022/6/13,Australia,townsville,0,AUD,-
around townsville beach,walking,2022/6/13,Australia,townsville,0,AUD,-
ruins of gun emplacement,trekking,2022/6/13,Australia,townsville,0,AUD,-
Shute Harbour,walking,2022/6/14,Australia,Airlie Beach,0,AUD,-
east conway national park,trekking,2022/6/14,Australia,Airlie Beach,0,AUD,-
south conway national park,trekking,2022/6/15,Australia,Airlie Beach,0,AUD,-
around airlie beach,walking,2022/6/16,Australia,Airlie Beach,0,AUD,-
city cat,boat,2022/6/17,Australia,Brisbane,0,AUD,-
margarita,Eating,2022/6/18,Australia,gold coast,8,AUD,-
around gold coast,walking,2022/6/18,Australia,gold coast,0,AUD,-
around gold coast,walking,2022/6/19,Australia,gold coast,0,AUD,-
"addidas mountain 
hoodie",shopping,2022/6/19,Australia,gold coast,30,AUD,-
ice cream and coffee,Eating,2022/6/20,Australia,Brisbane,9.5,AUD,-
woodly point jetty,walking,2022/6/20,Australia,Brisbane,0,AUD,-
mount coot tha,walking,2022/6/20,Australia,Brisbane,0,AUD,-
holiday coast,walking,2022/6/21,Australia,Brisbane,0,AUD,-
Coffs Harbour beach,walking,2022/6/22,Australia,Coffs Harbour,0,AUD,-
Port Stephens dessert,walking,2022/6/23,Australia,Newcastle,0,AUD,-
Port Stephens beach,walking,2022/6/23,Australia,Newcastle,0,AUD,-
Newcastle beach,walking,2022/6/24,Australia,Newcastle,0,AUD,-
bondai beach,walking,2022/6/24,Australia,Sydney,0,AUD,-
Sydney heads,walking,2022/6/24,Australia,Sydney,0,AUD,-
PCR fee,medical,2022/6/25,Australia,Sydney,105,AUD,-
washing fee,washing,2022/6/25,Australia,Sydney,6,AUD,-
monly beach,walking,2022/6/25,Australia,Sydney,0,AUD,-
harber bridge,inspection,2022/6/25,Australia,Sydney,0,AUD,-
opera house,inspection,2022/6/25,Australia,Sydney,0,AUD,-
watson bay,inspection,2022/6/25,Australia,Sydney,0,AUD,-
Sydney bay,boat,2022/6/25,Australia,Sydney,0,AUD,-
Eating seafood in fish marcket,Eating,2022/6/26,Australia,Sydney,20,AUD,-
beer in bar,Eating,2022/6/25,Australia,Sydney,10,AUD,-
yakiudon,Eating,2022/7/3,Japan,Kokura,600,JPY,-
kokura castle,inspection,2022/7/3,Japan,Kokura,350,JPY,-
kaimon channel museum,inspection,2022/7/3,Japan,Kokura,500,JPY,-
around kokura,walking,2022/7/3,Japan,Kokura,0,JPY,-
around moji port,walking,2022/7/3,Japan,moji,0,JPY,-
hot spring outside ticket,ticket,2022/7/8,Japan,kinosaki,1300,JPY,-
toyoka park,walking,2022/7/8,Japan,toyoka,0,JPY,-
kinosaki hot spring,hot spring,2022/7/8,Japan,kinosaki,0,JPY,-
hot spring outside ticket,ticket,2022/7/9,Japan,kinosaki,1300,JPY,-
kinosaki literature museum,inspection,2022/7/9,Japan,kinosaki,500,JPY,-
rakurakuura bay,walking,2022/7/9,Japan,kinosaki,0,JPY,-
okami park,walking,2022/7/9,Japan,kinosaki,0,JPY,-
kinosaki hot spring,hot spring,2022/7/9,Japan,kinosaki,0,JPY,-
drinking with my friend,eating,2022/7/9,Japan,kinosaki,4000,JPY,-
kinosaki hot spring,hot spring,2022/7/10,Japan,kinosaki,0,JPY,-
immigration was so hard for 1 hours,accident,2022/7/13,USA,seattle,0,JPY,-
Anchorage Mmuseum,inspection,2022/7/14,USA,Anchorage,20,USD,-
Anchorage Mmuseum planetarium,inspection,2022/7/14,USA,Anchorage,6,USD,-
campbell creak,walking,2022/7/15,USA,Anchorage,6,USD,-
swward bus ticket,ticket,2022/7/16,USA,Anchorage,144,USD,overslept
oversleeping,accident,2022/7/16,USA,Anchorage,0,USD,-
alaska zoo,inspection,2022/7/16,USA,Anchorage,17,USD,-
"noface mountain 
hoodie",shopping,2022/7/16,USA,Anchorage,97.2,USD,-
along to Anchorage sea,walking,2022/7/17,USA,Anchorage,0,USD,hard rain
stan lee park,walking,2022/7/18,Canada,Vancouver,0,CAD,-
around point roberts,walking,2022/7/19,Canada,Vancouver,0,CAD,-
gally points park,walking,2022/7/19,Canada,Vancouver,0,CAD,-
jerico beach,walking,2022/7/19,Canada,Vancouver,0,CAD,-
my food was stolen,accident,2022/7/20,Canada,Nanaimo,0,CAD,-
Neck point park,walking,2022/7/21,Canada,Nanaimo,0,CAD,-
Queen Eqizabez park,walking,2022/7/21,Canada,Vancouver,0,CAD,-
Vancouver museum,inspection,2022/7/22,Canada,Vancouver,15,CAD,-
cheese burger,Eating,2022/7/22,Canada,canadian railway,8,CAD,train food
chicken pie,Eating,2022/7/23,Canada,canadian railway,18,CAD,train food
Edmonton bus ticket,ticket,2022/7/24,Canada,Edmonton,3.5,CAD,-
diarrhea,accident,2022/7/25,Canada,Edmonton,0,CAD,-
diarrhea,accident,2022/7/26,Canada,Saskatoon,0,CAD,-
Buying annual bus ticket,accident,2022/7/26,Canada,Saskatoon,0,CAD,cancel in shop
bus ticket,ticket,2022/7/27,Canada,Saskatoon,3.25,CAD,-
around Saskatoon,walking,2022/7/27,Canada,Saskatoon,0,CAD,-
around Regina,walking,2022/7/28,Canada,Regina,0,CAD,-
"
state hall",inspection,2022/7/28,Canada,Regina,0,CAD,-
A&W,Eating,2022/7/29,Canada,Regina,10,CAD,-
Regina museum,inspection,2022/7/29,Canada,Regina,0,CAD,-
waiting a bus with homeless,accident,2022/7/29,Canada,Regina,0,CAD,-
joined first misa ,accident,2022/7/30,Canada,Winnipeg,0,CAD,-
St.poniface cathedral,inspection,2022/7/30,Canada,Winnipeg,0,CAD,-
Manitoba museum,inspection,2022/7/31,Canada,Winnipeg,0,CAD,-
around winnipeg,walking,2022/7/31,Canada,Winnipeg,0,CAD,-
dinnner,Eating,2022/8/1,Canada,canadian railway,18,CAD,-
breakfast,Eating,2022/8/2,Canada,canadian railway,10,CAD,-
Niagara Falls,inspection,2022/8/3,Canada,Niagara Falls,0,CAD,-
Pizza,Eating,2022/8/4,Canada,Toronto,6,CAD,-
around lake ontario,walking,2022/8/4,Canada,Toronto,0,CAD,-
macdnard,Eating,2022/8/5,Canada,Montrial,10,CAD,-
stopped the train to otawa,accident,2022/8/5,Canada,Qubec,0,CAD,-
coffee with milk and maffin,Eating,2022/8/7,Canada,Qubec,7.75,CAD,-
Qubec chruch,inspection,2022/8/7,Canada,Qubec,0,CAD,-
immigration to USA in Canada,accident,2022/8/8,Canada,Montrial,0,CAD,-
Mexico city transport card,ticket,2022/8/9,Mexico,Mexico City,10,MXP,-
I was helped a ticket by a mexican man,accident,2022/8/9,Mexico,Mexico City,0,MXP,-
national museum,inspection,2022/8/10,Mexico,Mexico City,183,MXP,-
lunch,Eating,2022/8/10,Mexico,Mexico City,150,MXP,national museum
corn,Eating,2022/8/10,Mexico,Mexico City,2,MXP,stall
Teotihuacan heritage,inspection,2022/8/11,Mexico,Teotihuacan,80,MXP,-
Querotaro cathedral,inspection,2022/8/13,Mexico,Querotaro,0,MXP,-
Querotaro water bridge,inspection,2022/8/13,Mexico,Querotaro,0,MXP,-
mummy museum,inspection,2022/8/14,Mexico,Guanajuato,85,MXP,-
Hibira memorial,inspection,2022/8/14,Mexico,Guanajuato,0,MXP,-
around Guanajuato,walking,2022/8/14,Mexico,Guanajuato,0,MXP,-
around Morelia,walking,2022/8/15,Mexico,Morelia,0,MXP,-
Puebla Cathedral,inspection,2022/8/16,Mexico,Puebla,0,MXP,-
Santo Domingo church,inspection,2022/8/17,Mexico,Cholula,0,MXP,-
Cholula Heritage,inspection,2022/8/17,Mexico,Cholula,85,MXP,-
washing fee,washing,2022/8/17,Mexico,Cholula,80,MXP,-
broken sandal,accident,2022/8/19,Mexico,Veracruz,0,MXP,-
new sandal fee,shopping,2022/8/19,Mexico,Veracruz,100,MXP,-
Veracruz museum,inspection,2022/8/19,Mexico,Veracruz,90,MXP,-
Veracruz jetty,walking,2022/8/19,Mexico,Veracruz,0,MXP,-
staying love hotel,accident,2022/8/20,Mexico,Coatzacoalcos,0,MXP,-
Palenque heritage and senote,tour,2022/8/22,Mexico,Palenque,650,MXP,-
insecticide,shopping,2022/8/22,Mexico,Palenque,100,MXP,parenque heritage
talking with girl about hello kitty,accident,2022/8/23,Mexico,bus,0,MXP,-
Campeche cathedral,inspection,2022/8/24,Mexico,Campeche,0,MXP,-
Campeche museum,inspection,2022/8/24,Mexico,Campeche,65,MXP,-
Uxmal heritage,inspection,2022/8/25,Mexico,Uxmal,579,MXP,-
Chichen Itza heritage,inspection,2022/8/26,Mexico,Chichen Itza,571,MXP,-
juice,Eating,2022/8/26,Mexico,Chichen Itza,20,MXP,-
sweets,Eating,2022/8/26,Mexico,Chichen Itza,20,MXP,-
locker,other,2022/8/26,Mexico,Chichen Itza,100,MXP,-
Having squall,accident,2022/8/26,Mexico,Chichen Itza,0,MXP,-
lunch,Eating,2022/8/27,Mexico,Playa del Carmen,410,MXP,-
changeng accomodation fee,accident,2022/8/27,Mexico,Cancun,168.635,MXP,-
Playa del Carmen beach,walking,2022/8/27,Mexico,Playa del Carmen,0,MXP,-
water bottle,shopping,2022/8/28,Mexico,Cozumel,150,MXP,-
island cozmel,walking,2022/8/28,Mexico,Cozumel,0,MXP,-
Cancun beach,walking,2022/8/29,Mexico,Cancun,0,MXP,-
additional baggage for airplane,accident,2022/8/29,Mexico,Cancun,80,USD,-
cuba tourist card,tax,2022/8/29,Mexico,Cancun,25,USD,-
6000CUP,exchange,2022/8/29,Cuba,habana,1000,MXP,-
breakfast,Eating,2022/8/30,Cuba,habana,7,USD,-
wifi card,shopping,2022/8/30,Cuba,habana,125,CUP,-
Mojito,eating,2022/8/30,Cuba,habana,1500,CUP,-
lunch,eating,2022/8/30,Cuba,habana,1000,CUP,-
alcohol fee,eating,2022/8/30,Cuba,habana,2500,CUP,-
meeting with strange,accident,2022/8/30,Cuba,habana,0,CUP,-
Vinales drive,tour,2022/8/30,Cuba,habana,120,USD,-
Sim card,shopping,2022/8/30,Cuba,habana,3900,CUP,-
Getting 10000 CUP,cashing,2022/8/30,Cuba,habana,83,USD,-
Getting 20000 CUP,cashing,2022/8/30,Cuba,habana,166,USD,-
breakfast,eating,2022/8/31,Cuba,service area,0,USD,-
lunch,eating,2022/8/31,Cuba,Vinales,1900,CUP,paying his wife and friend 
Vinales vally,inspection,2022/8/31,Cuba,Vinales,0,CUP,rour
limestone cave,inspection,2022/8/31,Cuba,Vinales,0,CUP,rour
wall image,inspection,2022/8/31,Cuba,Vinales,0,CUP,rour
Sim card,shopping,2022/9/1,Cuba,habana,125,CUP,-
breakfast,Eating,2022/9/2,Cuba,habana,7,USD,-
breakfast,Eating,2022/9/3,Cuba,habana,7,USD,-
throwing my flight ticket from camagway to cancun,accident,2022/9/3,Cuba,habana,5870,MXP,-
contacting my parents,accident,2022/9/3,Cuba,habana,0,MXP,-
"
asked my parents to buy me a ticket.",accident,2022/9/3,Cuba,habana,120000,JPY,-
coffee and milk,Eating,2022/9/6,Mexico,Chetumal,7,MXP,-
Drinking with young people,accident,2022/9/7,Belize,San Ignacio,0,BRD,-
Belize city beach,walking,2022/9/7,Belize,San Ignacio,0,BRD,-
Cahal Pech heritage,inspection,2022/9/7,Belize,San Ignacio,10,BRD,-
Xunantunich heritage,inspection,2022/9/8,Belize,Xunantunich,10,BRD,-
Departure tax,tax,2022/9/9,Belize,border,20,USD,-
Getting 30 GTQ,exchange,2022/9/9,Belize,border,9,BRD,-
dinner's chicken,Eating,2022/9/9,Guatemala,Flores,25,GTQ,-
tikal heritage,tour,2022/9/10,Guatemala,tikal,150,GTQ,-
cola,Eating,2022/9/10,Guatemala,tikal,10,GTQ,-
Coban cathedral,inspection,2022/9/12,Guatemala,Coban,0,GTQ,-
Cheese tart,Eating,2022/9/12,Guatemala,Coban,20,GTQ,-
abogado buger,Eating,2022/9/12,Guatemala,Coban,40,GTQ,-
beer,Eating,2022/9/12,Guatemala,Coban,20,GTQ,-
Pizza,Eating,2022/9/13,Guatemala,Antigua,5,USD,-
Antigua cathedral,inspection,2022/9/13,Guatemala,Antigua,0,USD,-
Antigua town,walking,2022/9/13,Guatemala,Antigua,0,USD,-
macdnard,Eating,2022/9/13,El Salvador,Santa Ana,8,USD,-
electric cable,shopping,2022/9/14,El Salvador,Santa Ana,5,USD,-
throwing my bus ticket,accident,2022/9/14,El Salvador,Santa Ana,80,USD,lost a bus to leon
independence day,accident,2022/9/15,El Salvador,Santa Ana,0,USD,-
chnaging a accomodation,accident,2022/9/15,El Salvador,Santa Ana,0,USD,-
big poteto fries,Eating,2022/9/16,El Salvador,Santa Ana,0,USD,-
Santa ana volcano entrance fee,walking,2022/9/16,El Salvador,Santa Ana,10,USD,With guide
I saw like a ded man,accident,2022/9/16,El Salvador,Santa Ana,0,USD,-
The cake for presents,accident,2022/9/16,El Salvador,Santa Ana,0,USD,happy birthdayof the owner
Meeting with yo san,accident,2022/9/17,El Salvador,El Tunco,0,USD,-
Exchange from cuban pesos to Kyrgyzstan sums,accident,2022/9/17,El Salvador,El Tunco,0,USD,-
dinner,accident,2022/9/17,El Salvador,El Tunco,5,USD,with yo san
El Tunco beach,walking,2022/9/17,El Salvador,El Tunco,0,USD,-
Honduras depature taz,tax,2022/9/18,Honduras,Guasaule,21,USD,-
dinner,tax,2022/9/18,Honduras,anywhere,3.25,USD,-
lunch,Eating,2022/9/19,Nicaragua,Leon,150,NIO,-
the food in the marcket,Eating,2022/9/19,Nicaragua,Leon,50,NIO,-
coffee,Eating,2022/9/19,Nicaragua,Leon,100,NIO,-
Leon Cathedral,inspection,2022/9/19,Nicaragua,Leon,0,NIO,-
go back to walk to my accomodation,accident,2022/9/20,Nicaragua,Managua,0,NIO,-
lake Managua,walking,2022/9/20,Nicaragua,Managua,0,NIO,-
Boat in lake nicaragua,tour,2022/9/21,Nicaragua,Guranada,12,USD,-
"""I hate japanese"" was said by my accomodation",accident,2022/9/21,Nicaragua,Guranada,0,USD,-
lunch,Eating,2022/9/22,Nicaragua,San Jorge,150,NIO,-
Island entry tax,tax,2022/9/22,Nicaragua,San Jorge,1,USD,-
coffee,Eating,2022/9/23,Nicaragua,Onopete,70,NIO,-
first Overseas Touring,accident,2022/9/23,Nicaragua,Onopete,0,NIO,-
I fell and injured myself on the moor.,accident,2022/9/23,Nicaragua,Onopete,0,NIO,-
motorcycle fee,ticket,2022/9/23,Nicaragua,Onopete,20,USD,-
fixing fee for a motorcycle,accident,2022/9/23,Nicaragua,Onopete,70,USD,-
Departure tax,tax,2022/9/24,Nicaragua,border,3,USD,-
tipical food,Eating,2022/9/25,Costa Rica,Puntarenas,3000,CRC,-
coffee,Eating,2022/9/25,Costa Rica,Puntarenas,300,CRC,-
Puntarenas beach,walking,2022/9/25,Costa Rica,Puntarenas,0,CRC,-
Liberia cathedral,inspection,2022/9/25,Costa Rica,Liberia,0,CRC,-
coffee,Eating,2022/9/26,Costa Rica,San Jose,500,CRC,-
Lost my every money,accident,2022/9/26,Costa Rica,Alajuela,0,CRC,by taxi driver
diner,Eating,2022/9/27,Costa Rica,San Jose,3000,CRC,-
the national museum,inspection,2022/9/27,Costa Rica,San Jose,11,USD,-
cutting my hair,shopping,2022/9/27,Costa Rica,San Jose,3,USD,-
breakfast,Eating,2022/9/28,Costa Rica,San Jose,5000,CRC,marcket
pupuka,Eating,2022/9/28,Costa Rica,bus,2000,CRC,-
chiken,Eating,2022/9/28,Costa Rica,PalmarNorte,2000,CRC,-
finca 6 museum,inspection,2022/9/28,Costa Rica,PalmarNorte,7,USD,-
Departure tax,tax,2022/9/29,Costa Rica,border,8,USD,-
cola,Eating,2022/9/29,panama,border,2,USD,-
I couldn't pay depature tax on online,accident,2022/9/29,Costa Rica,border,0,USD,-
lunch,Eating,2022/9/30,panama,David,5,USD,-
coffee + sweets,Eating,2022/10/1,panama,David,4,USD,-
Boquete,walikng,2022/10/1,panama,Boquete,0,USD,-
Santa Catalina beach,walikng,2022/10/3,panama,Santa Catalina,0,USD,-
Tuna and pineapple salda,Eating,2022/10/4,panama,Coiba,0,USD,-
island coiba,tour,2022/10/4,panama,Coiba,60,USD,-
Island entry tax,tax,2022/10/4,panama,Coiba,20,USD,-
first snokling,accident,2022/10/4,panama,Coiba,0,USD,-
grapefruit jiurce,Eating,2022/10/5,panama,Coiba,1.5,USD,-
lunch,Eating,2022/10/5,panama,Panama City,9.5,USD,-
Santa fe,walking,2022/10/6,panama,Santa fe,0,USD,-
metro card,ticket,2022/10/6,panama,Panama City,3,USD,-
Gatun Gate,walking,2022/10/7,panama,Colin,0,USD,-
Questioning,accident,2022/10/7,panama,Colin,0,USD,Gatun Gate
panama canal,inspection,2022/10/8,panama,Panama City,10,USD,-
panama canal,walking,2022/10/8,panama,Panama City,0,USD,-
amador beack,walking,2022/10/8,panama,Panama City,0,USD,-
panama catheddral,inspection,2022/10/8,panama,Panama City,0,USD,-
old town,walking,2022/10/8,panama,Panama City,0,USD,-
lemonade,eating,2022/10/8,panama,Panama City,2,USD,-
beer +seafood,eating,2022/10/8,panama,Panama City,12,USD,-
sim card,shopping,2022/10/9,Colombia,Bogota,20000,COP,-
pizza,eating,2022/10/10,Colombia,Bogota,7000,COP,dinner with yo san
meeting with yo san ,accident,2022/10/10,Colombia,Bogota,0,COP,-
recharge to sim caard,accident,2022/10/11,Colombia,Bogota,20000,COP,-
rice ball,eating,2022/10/11,Colombia,Bogota,2500,COP,-
coffee,eating,2022/10/11,Colombia,Bogota,4000,COP,-
walking to waterfall for 12 km by round trip,accident,2022/10/12,Colombia,Santa Sofia,0,COP,-
hayal waterfall,walikng,2022/10/12,Colombia,Santa Sofia,0,COP,-
comnitario Museum,inspection,2022/10/12,Colombia,Santa Sofia,20000,COP,-
cheese,Eating,2022/10/13,Colombia,bus,2000,COP,-
cathedral of salt,inspection,2022/10/13,Colombia,Zipaquira,77500,COP,-
cola,Eating,2022/10/14,Colombia,Melgar,3000,COP,-
bogota metro card,ticket,2022/10/14,Colombia,Bogota,5000,COP,-
went to the police,accident,2022/10/14,Colombia,Melgar,0,COP,there isn't today's accomodation
cap of swimming,shopping,2022/10/14,Colombia,Melgar,2000,COP,-
Swimming in the hotel,accident,2022/10/14,Colombia,Melgar,0,COP,-
went to the city at night,accident,2022/10/14,Colombia,Melgar,0,COP,with colombian couple
breakfast,Eating,2022/10/15,Colombia,Melgar,12000,COP,-
cap of swimming,shopping,2022/10/15,Colombia,Melgar,2000,COP,paid again
opening the festibal until 3:00,shopping,2022/10/15,Colombia,Ibage,0,COP,-
lunch,Eating,2022/10/16,Colombia,Ibage,25000,COP,-
ibage walking,walking,2022/10/16,Colombia,Ibage,0,COP,-
Pereira metro card,shopping,2022/10/17,Colombia,Pereira,7000,COP,-
lunch,shopping,2022/10/19,Colombia,kari,27000,COP,in zoo
kari zoo,inspection,2022/10/19,Colombia,kari,27000,COP,-
coffee,Eating,2022/10/21,Colombia,Manizales,1000,COP,-
konoha don,Eating,2022/10/23,Colombia,Bogota,40000,COP,-
I bought a dummy ticket from ecuador,accident,2022/10/24,Colombia,Bogota,60000,JPY,-
seafood soup,Eating,2022/10/25,Ecuador,Quito,6,USD,-
burger,Eating,2022/10/25,Ecuador,Quito,2,USD,-
vito national cathedral,inspection,2022/10/25,Ecuador,Quito,2,USD,-
tower fee,inspection,2022/10/25,Ecuador,Quito,3,USD,vito national cathedral
sim card,shopping,2022/10/25,Ecuador,Quito,5,USD,not used
went to a hospital,accident,2022/10/27,Ecuador,ibara,0,USD,paid 97 USD
soup,Eating,2022/10/28,Ecuador,Otavalo,3,USD,-
orange juiice,Eating,2022/10/29,Ecuador,Otavalo,1.5,USD,-
soup,Eating,2022/10/29,Ecuador,Otavalo,3,USD,-
sim card,shopping,2022/10/31,Ecuador,manta,5,USD,-
manta beawch,walking,2022/10/31,Ecuador,manta,0,USD,-
salinas beawch,walking,2022/11/2,Ecuador,salinas,0,USD,-
rope way card,ticket,2022/11/2,Ecuador,Santiago de Guayaquil,3.4,USD,-
transport card,ticket,2022/11/2,Ecuador,Santiago de Guayaquil,2,USD,-
lunch,Eating,2022/11/3,Ecuador,Santiago de Guayaquil,0,USD,-
cancel a ticket,accident,2022/11/3,Ecuador,Santiago de Guayaquil,0,USD,airport
Whole roasted pig,Eating,2022/11/4,Ecuador,bus,1.5,USD,-
lunch,Eating,2022/11/5,Ecuador,arausi,5,USD,-
dinner,Eating,2022/11/5,Ecuador,arausi,10,USD,-
alausi walking,walking,2022/11/5,Ecuador,arausi,0,USD,-
coffee,Eating,2022/11/7,Ecuador,Cuenca,2,USD,-
humberger,Eating,2022/11/7,Ecuador,Cuenca,5,USD,-
meeting with yuranora san,accident,2022/11/7,Ecuador,Cuenca,0,USD,-
clture museum,inspection,2022/11/7,Ecuador,Cuenca,4,USD,-
modern art museum,inspection,2022/11/7,Ecuador,Cuenca,0,USD,-
city museum,inspection,2022/11/7,Ecuador,Cuenca,0,USD,-
cathedral museum,inspection,2022/11/7,Ecuador,Cuenca,1,USD,-
enpalada,eating,2022/11/7,Peru,Tumbes,1,USD,-
happen earthquake,accident,2022/11/8,Peru,Tumbes,0,USD,-
talking with owner couple,accident,2022/11/8,Peru,Tumbes,0,USD,-
there are a lot of Seal carcass,accident,2022/11/9,Peru,Tumbes,0,USD,-
Tumbes beach,walking,2022/11/9,Peru,Tumbes,0,USD,-
mancora beach,walking,2022/11/9,Peru,Mancora,0,USD,-
The smell of garlic makes me want to vomit,accident,2022/11/11,Peru,Chiclayo,0,USD,-
mango juice,Eating,2022/11/13,Peru,Cajamarca,5,PEN,-
soft cream,Eating,2022/11/13,Peru,Cajamarca,5,PEN,-
last room of inka,inspection,2022/11/13,Peru,Cajamarca,5,PEN,-
Cajamarca high ground,inspection,2022/11/13,Peru,Cajamarca,1,PEN,-
Cajamarca hot spring,inspection,2022/11/13,Peru,Cajamarca,9,PEN,-
lunch,Eating,2022/11/15,Peru,Trujillo,30,PEN,-
pre inka tour,tour,2022/11/15,Peru,Trujillo,60,PEN,-
mocho museum,inspection,2022/11/15,Peru,Trujillo,0,PEN,-
wanchako beach,walking,2022/11/15,Peru,Trujillo,0,PEN,-
sun and moon heritage,inspection,2022/11/15,Peru,Trujillo,0,PEN,-
heritage entry fee,ticket,2022/11/15,Peru,Trujillo,25,PEN,-
chimu museum,inspection,2022/11/15,Peru,Trujillo,0,PEN,-
chanchan heritage,inspection,2022/11/15,Peru,Trujillo,0,PEN,-
traditional dance,Viewing,2022/11/15,Peru,Trujillo,0,PEN,-
jetty,ticket,2022/11/15,Peru,Trujillo,1,PEN,-
lunch,Eating,2022/11/17,Peru,Huaraz,16,PEN,-
Huaraz,inspection,2022/11/17,Peru,Huaraz,7,PEN,-
Wilcawine heritage,inspection,2022/11/17,Peru,Huaraz,7,PEN,-
lunch,Eating,2022/11/17,Peru,Huaraz,16,PEN,-
Lima transport card,ticket,2022/11/18,Peru,Lima,5,PEN,-
recharge to a transporrt card,ticket,2022/11/18,Peru,Lima,3,PEN,-
popcorn,Eating,2022/11/19,Peru,Lima,5,PEN,-
lunch,Eating,2022/11/19,Peru,Lima,10,PEN,-
national Archaeology museum,inspection,2022/11/19,Peru,Lima,5,PEN,-
rarco museum,inspection,2022/11/19,Peru,Lima,35,PEN,-
renewal national Archaeology museum,accident,2022/11/19,Peru,Lima,0,PEN,-
I missed to go to north bus terminal,accident,2022/11/19,Peru,Lima,0,PEN,-
chicha zerry,Eating,2022/11/20,Peru,ika,2,PEN,-
meeting with yuranora san,accident,2022/11/21,Peru,Nazca,0,PEN,-
nazca tour,tour,2022/11/22,Peru,Nazca,70,USD,-
first sesna,accident,2022/11/22,Peru,Nazca,0,USD,-
antonini museum,accident,2022/11/22,Peru,Nazca,20,PEN,-
the bus to Arequipa,ticket,2022/11/22,Peru,Nazca,110,PEN,throw the bus
the bus couldn' come because strike,accident,2022/11/22,Peru,Nazca,0,PEN,-
the bus couldn' come because strike,accident,2022/11/23,Peru,Nazca,0,PEN,-
played karaoke with franch man speaks japanese well,accident,2022/11/25,Peru,Arequipa,0,PEN,-
saint andes museum,inspection,2022/11/25,Peru,Arequipa,30,PEN,-
city museum,inspection,2022/11/25,Peru,Arequipa,0,PEN,-
water bridge,inspection,2022/11/25,Peru,Arequipa,0,PEN,-
coffee,eating,2022/11/25,Peru,Arequipa,6,PEN,-
carmen overviewing,inspection,2022/11/25,Peru,Arequipa,5,PEN,-
toilet,toilet,2022/11/26,Peru,Arequipa,1.5,PEN,-
exchange from peru sols to chille pesos,exchange,2022/11/26,Peru,border,150,PEN,36000CLP
lunch,eating,2022/11/26,Chile,Arica,11000,CLP,shopping morl
alicca museum,inspection,2022/11/27,Chile,Arica,2000,CLP,shopping morl
alica fortless,walking,2022/11/27,Chile,Arica,0,CLP,-
ear plug,shopping,2022/11/28,Chile,Arica,4000,CLP,-
sim card,shopping,2022/11/28,Chile,Arica,4990,CLP,-
Iquique museum,inspection,2022/11/29,Chile,Iquique,0,CLP,-
ceviche,Eating,2022/12/2,Chile,La Serena,11000,CLP,-
bread,Eating,2022/12/2,Chile,La Serena,1000,CLP,-
Pisco Sour,Eating,2022/12/2,Chile,La Serena,3500,CLP,-
Archaeological Museum,inspection,2022/12/2,Chile,La Serena,0,CLP,-
hot dog,Eating,2022/12/4,Chile,Santiago de Chile,2500,CLP,-
closed sience museum,accident,2022/12/4,Chile,Santiago de Chile,0,CLP,-
santarsia overviewing,walking,2022/12/4,Chile,Santiago de Chile,0,CLP,-
chicken,Eating,2022/12/5,Chile,Valparaiso,2000,CLP,-
hot dog,Eating,2022/12/5,Chile,Valparaiso,2000,CLP,-
cola,Eating,2022/12/7,Chile,Antofagasta,2000,CLP,-
pukla heritage,inspection,2022/12/9,Chile,San Pedro de Atacama,5650,CLP,-
bolivia border tour,tour,2022/12/9,Chile,San Pedro de Atacama,34155,CLP,-
Pisco Sour,Eating,2022/12/9,Chile,San Pedro de Atacama,0,CLP,-
border hot spring,hot spring,2022/12/9,Chile,San Pedro de Atacama,0,CLP,-
dinner,Eating,2022/12/10,Chile,Calama,14850,CLP,Restrant
bolivian food,Eating,2022/12/12,Bolivia,Uyuni,15,BOB,-
meeting with yuranora san,accident,2022/12/12,Bolivia,Uyuni,0,BOB,-
meeting with sasa san,accident,2022/12/12,Bolivia,Uyuni,0,BOB,-
train Graveyard,inspection,2022/12/12,Bolivia,Uyuni,0,BOB,-
washing fee,washing,2022/12/12,Bolivia,Uyuni,15,BOB,-
uyuni night tour,tour,2022/12/12,Bolivia,Uyuni,150,BOB,-
uyuni salt lake,inspection,2022/12/12,Bolivia,Uyuni,0,BOB,-
picking up garbage,accident,2022/12/12,Bolivia,Uyuni,0,BOB,be watched strange man
umita 5s,Eating,2022/12/14,Bolivia,Potosi,10,BOB,-
cutting my hair,shopping,2022/12/14,Bolivia,Sucre,30,BOB,-
not taking the bus,accident,2022/12/14,Bolivia,Potosi,20,BOB,-
washing fee,washing,2022/12/14,Bolivia,Sucre,30,BOB,-
colonial museum,inspection,2022/12/15,Bolivia,Sucre,45,BOB,-
dinasour foot stamp,inspection,2022/12/15,Bolivia,Sucre,0,BOB,-
shower fee,shopping,2022/12/16,Bolivia,Sucre,10,BOB,-
breakfast,Eating,2022/12/17,Bolivia,La Paz,35,BOB,terminal
la Paz metro card,ticket,2022/12/17,Bolivia,La Paz,30,BOB,-
national museum,ticket,2022/12/17,Bolivia,La Paz,20,BOB,-
returned my lundury,accident,2022/12/17,Bolivia,La Paz,0,BOB,-
chicha zerry,Eating,2022/12/19,Bolivia,Copacabana,1,BOB,-
copacabana beach,walking,2022/12/19,Bolivia,Copacabana,0,BOB,-
boat fee,ticket,2022/12/20,Bolivia,Copacabana,5,BOB,-
Pisco Sour,Eating,2022/12/21,Peru,Puno,16,PEN,-
Puno beach,walking,2022/12/21,Peru,Puno,0,PEN,-
Puno museum,walking,2022/12/21,Peru,Puno,15,PEN,-
blockade bus terminal,accident,2022/12/21,Peru,Puno,0,PEN,-
exchanged to 224BOB,exchange,2022/12/22,Bolivia,Copacabana,120,PEN,-
pudding,eating,2022/12/23,Bolivia,Copacabana,3,BOB,-
terminal fee,ticket,2022/12/23,Bolivia,La Paz,2.5,BOB,-
Statue of Christ,inspection,2022/12/24,Bolivia,Ciudad de Cochabamba,0,BOB,-
metting with japanese 2 women,accident,2022/12/24,Bolivia,Ciudad de Cochabamba,0,BOB,-
joined at xmas party,accident,2022/12/24,Bolivia,Ciudad de Cochabamba,0,BOB,-
lunch,Eating,2022/12/25,Bolivia,Ciudad de Cochabamba,15,BOB,-
joined xmas misa,accident,2022/12/25,Bolivia,Ciudad de Cochabamba,0,BOB,-
cochabamba catedral,inspection,2022/12/25,Bolivia,Ciudad de Cochabamba,0,BOB,-
lake cochabamba,walking,2022/12/26,Bolivia,Ciudad de Cochabamba,0,BOB,-
ice cream,Eating,2022/12/26,Bolivia,Ciudad de Cochabamba,5,BOB,-
lunch,Eating,2022/12/26,Bolivia,Ciudad de Cochabamba,15,BOB,-
lunch,Eating,2022/12/26,Bolivia,Santa Cruz de la Sierra,15,BOB,-
I collapsed from poor health,accident,2022/12/26,Bolivia,Santa Cruz de la Sierra,0,BOB,-
terminal fee,ticket,2022/12/29,Bolivia,Santa Cruz de la Sierra,3,BOB,-
stopped for 2 hours because demonstration,accident,2022/12/29,Bolivia,bus,0,BOB,-
ramen + juice,Eating,2023/1/1,Bolivia,Tarija,27,BOB,-
Tarija cathedral,inspection,2023/1/1,Bolivia,Tarija,0,BOB,-
joined new year misa,accident,2023/1/1,Bolivia,Tarija,0,BOB,-
exchanged to 63000ARP,exchange,2023/1/1,Bolivia,Tarija,200,USD,-
lunch,Eating,2023/1/2,Bolivia,Tarija,20,BOB,marcket
shower fee,shopping,2023/1/2,Bolivia,Tarija,10,BOB,-
meeting up with my family,shopping,2023/1/2,Bolivia,Tarija,0,BOB,online
tarija overviewing,walking,2023/1/2,Bolivia,Tarija,0,BOB,-
rainbow hill,inspection,2023/1/3,Argentina,purmamarca,100,ARS,-
sweets,Eating,2023/1/3,Argentina,purmamarca,300,ARS,-
baggage,tips,2023/1/4,Argentina,jujuy,100,ARS,-
bread + coffee,Eating,2023/1/4,Argentina,Salta,500,ARS,-
salta overviewing,inspection,2023/1/5,Argentina,Salta,0,ARS,-
salta historial museum,inspection,2023/1/6,Argentina,Salta,0,ARS,-
cabild museum,inspection,2023/1/6,Argentina,Salta,0,ARS,-
anhel's museum,inspection,2023/1/6,Argentina,Salta,700,ARS,-
keeping bagage fee,shopping,2023/1/6,Argentina,Salta,500,ARS,-
bread,Eating,2023/1/8,Argentina,Corrientes,300,ARS,-
along parana river,walking,2023/1/8,Argentina,Corrientes,0,ARS,-
lunch,Eating,2023/1/10,Argentina,Puerto Iguazu,1500,ARS,-
Iguaz waterfall,inspection,2023/1/10,Argentina,Puerto Iguazu,5500,ARS,1USD = 255ARS
Iguaz waterfall,inspection,2023/1/10,Brazil,fozz do Iguazu,86,BRL,-
meeting up with madoka san,accident,2023/1/11,Paraguay,Yguazu,0,PYG,-
meeting up with the man returned south poke,accident,2023/1/11,Paraguay,Yguazu,0,PYG,-
ygazu japanese regidence,walking,2023/1/12,Paraguay,Yguazu,0,PYG,-
lunch,eating,2023/1/12,Paraguay,Yguazu,15000,PYG,-
around minsyuku kobayashi,eating,2023/1/12,Paraguay,Yguazu,0,PYG,-
japanese dish,eating,2023/1/13,Paraguay,Yguazu,30000,PYG,-
ito park,walking,2023/1/13,Paraguay,Yguazu,0,PYG,-
itaipu dam,inspection,2023/1/14,Paraguay,itaipu,0,PYG,-
Grilled Skewers,eating,2023/1/15,Paraguay,itaipu,100,PYG,-
Encarnacion beach,eating,2023/1/15,Paraguay,Encarnacion,0,PYG,-
Trinidad heritage,inspection,2023/1/16,Paraguay,Trinidad,25000,PYG,-
lunch,eating,2023/1/16,Paraguay,Trinidad,20000,PYG,-
ice cream,eating,2023/1/16,Paraguay,Trinidad,500,PYG,-
lunch,eating,2023/1/18,Paraguay,Ciudad de Asuncion,100000,PYG,-
barubero museum,inspection,2023/1/18,Paraguay,Ciudad de Asuncion,0,PYG,-
exchanged to ?? ARS,exchange,2023/1/18,Paraguay,Ciudad de Asuncion,400000,PYG,-
exchanged to ?? ARS,exchange,2023/1/20,Argentina,Santa Fe de la Vera Cruz,100,USD,1USD = 360ARS
cashing from atm,cashing,2023/1/20,Argentina,Santa Fe de la Vera Cruz,10000,ARS,-
joined birthday party,cashing,2023/1/21,Argentina,Santa Fe de la Vera Cruz,0,ARS,-
around santa fe,walking,2023/1/21,Argentina,Santa Fe de la Vera Cruz,0,ARS,-
coffee+bread,Eating,2023/1/23,Argentina,VillaCaropas,450,ARS,-
ice cream,Eating,2023/1/23,Argentina,VillaCaropas,200,ARS,-
exchanged to ?? ARS,exchange,2023/1/23,Argentina,cordoba,100,USD,1USD=370ARS
VillaCaropas,walking ,2023/1/23,Argentina,VillaCaropas,0,ARS,-
regional museum,inspection,2023/1/24,Argentina,cordoba,100,ARS,-
cabird museum,inspection,2023/1/24,Argentina,cordoba,0,ARS,-
currency museim,inspection,2023/1/24,Argentina,cordoba,0,ARS,-
Observation deck,inspection,2023/1/24,Argentina,cordoba,0,ARS,-
lunch,Eating,2023/1/25,Argentina,Bahia Blanca,1600,ARS,-
Sube card,ticket,2023/1/25,Argentina,Bahia Blanca,490,ARS,-
pasta without source,accident,2023/1/25,Argentina,Bahia Blanca,0,ARS,-
Mar del Plata beach,walking,2023/1/26,Argentina,Mar del Plata,0,ARS,-
I couldn't stay the hotel I reserved,accident,2023/1/28,Argentina,La Plata,0,ARS,-
cashing from atm,cashing,2023/1/29,Argentina,La Plata,15000,ARS,-
manjyu,Eating,2023/1/30,Argentina,Ciudad Aut?noma de Buenos Aires,500,ARS,-
japanese garden,inspection,2023/1/30,Argentina,Ciudad Aut?noma de Buenos Aires,690,ARS,-
clock tower,inspection,2023/1/30,Argentina,Ciudad Aut?noma de Buenos Aires,500,ARS,-
chyoripan,Eating,2023/1/30,Argentina,Ciudad Aut?noma de Buenos Aires,700,ARS,-
I was impressed by kids when I folded a carne by paper ,accident,2023/1/30,Argentina,Ciudad Aut?noma de Buenos Aires,0,ARS,-
coffee,Eating,2023/1/31,Uruguay,Colonia del Sacramento,470,ARS,-
water,Eating,2023/2/1,Uruguay,Colonia del Sacramento,150,JPY,-
water bottle,shopping,2023/2/1,Uruguay,Nueva Parmira,500,UYU,-
Nueva Parmira beach,walking,2023/2/2,Uruguay,Nueva Parmira,0,UYU,-
Florida cathedral,inspection,2023/2/3,Uruguay,Florida,0,UYU,-
Punta del Este beach,walking,2023/2/4,Uruguay,Punta del Este beach,0,UYU,-
Cabo Polonio beach,walking,2023/2/5,Uruguay,Cabo Polonio,0,UYU,-
entry tax,tax,2023/2/5,Uruguay,Cabo Polonio,350,UYU,-
Punta del Diablo,walking,2023/2/6,Uruguay,Punta del Diablo,0,UYU,-
enparada x2,Eating,2023/2/6,Uruguay,Punta del Diablo,160,UYU,-
ice cream,Eating,2023/2/6,Uruguay,Punta del Diablo,160,UYU,-
beer + snack,Eating,2023/2/7,Uruguay,Punta del Diablo,200,UYU,-
dinner,Eating,2023/2/7,Uruguay,Punta del Diablo,10,USD,-
lunch,Eating,2023/2/9,Brazil,Pelotas,700,JPY,-
Pelotas beach,walking,2023/2/9,Brazil,Pelotas,0,JPY,-
Porto Alegre beach,walking,2023/2/10,Brazil,Porto Alegre,0,JPY,-
lunch,Eating,2023/2/12,Brazil,Criciuma,18,BRL,-
500ml juice,Eating,2023/2/12,Brazil,Criciuma,8,BRL,-
coffee,Eating,2023/2/13,Brazil,Florianopolis,8,BRL,-
Santa Catalina,walking,2023/2/14,Brazil,Florianopolis,0,BRL,-
buffee,Eating,2023/2/16,Brazil,Curitiba,16,BRL,-
japanese food,Eating,2023/2/17,Brazil,Curitiba,20,BRL,-
parana museum,inspection,2023/2/17,Brazil,Curitiba,0,BRL,-
lunch,eating,2023/2/18,Brazil,Curitiba,20,BRL,-
sushi,eating,2023/2/19,Brazil,Londrina,22,BRL,-
lunch,eating,2023/2/21,Brazil,Campo Grande,28.9,BRL,-
dinner,eating,2023/2/21,Brazil,Bonito,50,BRL,with yuranora san
meeting up with yuranora san,accident,2023/2/21,Brazil,Bonito,0,BRL,-
Blue cave tour,tour,2023/2/22,Brazil,Bonito,110,BRL,-
soba,Eating,2023/2/25,Brazil,Campo Grande,35,BRL,-
coffee,Eating,2023/2/28,Brazil,Belo Horizonte,2.5,BRL,-
chocolate,Eating,2023/2/28,Brazil,Belo Horizonte,6,BRL,-
had a sick from sunset,accident,2023/2/28,Brazil,Belo Horizonte,0,BRL,-
went to hospital,accident,2023/3/1,Brazil,Ouro Preto,0,BRL,-
coffee,Eating,2023/3/4,Brazil,Belo Horizonte,7,BRL,-
new shoes,shopping,2023/3/7,Portugal,Lisbon,6649,JPY,-
lunch,Eating,2023/3/8,Portugal,Lisbon,43,EURO,-
start My side hurts,accident,2023/3/8,Portugal,Lisbon,0,EURO,-
lisbon overviewing,accident,2023/3/9,Portugal,Lisbon,0,EURO,-
left my bus to leon,accident,2023/3/11,Portugal,Lisbon,15,EURO,-
paid two days in leon,accident,2023/3/12,Portugal,Lisbon,23.63,EURO,-
Leon Cathedral,accident,2023/3/13,spine,leon,7,EURO,-
washing fee,washing,2023/3/13,spine,leon,10,EURO,-
national museum,inspection,2023/3/14,spine,Madrid,3,EURO,-
hospital,accident,2023/3/14,spine,Madrid,0,EURO,-
bread,Eating,2023/3/15,spine,Madrid,5,EURO,-
hospital,accident,2023/3/16,spine,Madrid,0,EURO,-
dryer fee,washing,2023/3/16,spine,Madrid,5,EURO,-
keeping bagage fee,shopping,2023/3/17,spine,Madrid,5,EURO,-
navy museum,inspection,2023/3/17,spine,Madrid,3,EURO,-
coffee,Eating,2023/3/18,spine,Malaga,5,EURO,-
forign telephone,accident,2023/3/19,spine,Madrid,20000,JPY,-
water,Eating,2023/3/20,spine,Madrid,3.5,EURO,-
hospital,accident,2023/3/22,Japan,Sanda,0,JPY,-
part time job,part time job,2023/4/12,Japan,Sanda,0,JPY,-
part time job,part time job,2023/4/13,Japan,Sanda,0,JPY,-
part time job,part time job,2023/4/15,Japan,Sanda,0,JPY,-
part time job,part time job,2023/4/16,Japan,Sanda,0,JPY,-
part time job,part time job,2023/4/17,Japan,Sanda,0,JPY,-
I broke my ribs working at the circus.,accident,2023/4/17,Japan,Sanda,0,JPY,-
throwed my ticket frome greece to egypt,accident,2023/4/18,Japan,Sanda,16600,JPY,-
throwed my ticket frome japan to greece,accident,2023/4/18,Japan,Sanda,16600,JPY,-
completed to cure my pneumonia,accident,2023/4/27,Japan,Sanda,0,JPY,-
Meeting up with yuranora san,accident,2023/5/3,Japan,Sanda,4000,JPY,-
part time job,part time job,2023/5/16,Japan,Sanda,0,JPY,-
part time job,part time job,2023/5/17,Japan,Sanda,0,JPY,-
part time job,part time job,2023/5/18,Japan,Sanda,0,JPY,-
part time job,part time job,2023/5/23,Japan,Sanda,0,JPY,-
hospital,accident,2023/5/23,Japan,Sanda,0,JPY,-
part time job,part time job,2023/5/24,Japan,Sanda,0,JPY,-
part time job,part time job,2023/5/25,Japan,Sanda,0,JPY,-
part time job,part time job,2023/5/26,Japan,Sanda,0,JPY,-
lunch,eating,2023/5/29,Taiwan,Taipei,200,TWD,-
transport card,ticket,2023/5/29,Taiwan,Taipei,200,TWD,-
kokyu museum,inspection,2023/5/30,Taiwan,Taipei,350,TWD,-
Audio guide,shoppinjg,2023/5/30,Taiwan,Taipei,150,TWD,kokyu museum
sweets,Eating,2023/5/31,Taiwan,Taichung ,35,TWD,-
taichung temple,inspection,2023/5/31,Taiwan,Taichung ,0,TWD,-
sweets,Eating,2023/6/1,Taiwan,Tainan,35,TWD,-
syutohu,Eating,2023/6/1,Taiwan,Tainan,50,TWD,-
coffee+cake,Eating,2023/6/1,Taiwan,Tainan,110,TWD,-
zepeia castle,inspection,2023/6/1,Taiwan,Tainan,70,TWD,-
lunch,Eating,2023/6/2,Taiwan,Kaohsiung,90,TWD,-
tainan park,Walking,2023/6/2,Taiwan,Tainan,0,TWD,-
kaoshung overviewing,Eating,2023/6/2,Taiwan,Kaohsiung,0,TWD,-
dinner,Eating,2023/6/3,Taiwan,Kaohsiung,95,TWD,-
dinner,Eating,2023/6/3,Taiwan,Kaohsiung,95,TWD,-
I forgot my telephone,accident,2023/6/3,Taiwan,Kaohsiung,0,TWD,airport
grab,ticket,2023/6/3,Taiwan,Kaohsiung,1000,PHP,-
dinner,Eating,2023/6/4,Philippines,Manila,50,PHP,-
sandiago fortless,inspection,2023/6/4,Philippines,Manila,75,PHP,-
Natural History Museum,inspection,2023/6/4,Philippines,Manila,0,PHP,-
bread,Eating,2023/6/5,Philippines,Manila,30,PHP,-
picnic grove park,inspection,2023/6/5,Philippines,Tagaitay,75,PHP,-
tofu with strberry source,Eating,2023/6/5,Philippines,Tagaitay,10,PHP,-
check vacaccion,accident,2023/6/6,Philippines,Batangas,50,PHP,-
terminal fee,ticket,2023/6/6,Philippines,Batangas,30,PHP,-
entry tax,tax,2023/6/6,Philippines,paratero,110,PHP,-
sazan beach,Walking,2023/6/6,Philippines,paratero,0,PHP,-
lunch,Eating,2023/6/6,Philippines,paratero,80,PHP,-
lunch,Eating,2023/6/7,Philippines,paratero,92,PHP,-
coconats juice,Eating,2023/6/7,Philippines,paratero,60,PHP,-
Rental motorcycle,Shopping,2023/6/7,Philippines,paratero,500,PHP,-
terminal fee,tax,2023/6/8,Philippines,paratero,10,PHP,-
sweets,Eating,2023/6/9,Philippines,Mabini,25,PHP,-
hot dog,Eating,2023/6/10,Philippines,Balanga,50,PHP,-
jory bee,Eating,2023/6/10,Philippines,Balanga,75,PHP,-
ginger rice,Eating,2023/6/10,Philippines,Balanga,50,PHP,-
national park,Eating,2023/6/10,Philippines,Balanga,50,PHP,-
joined misa,accident,2023/6/11,Philippines,Balanga,0,PHP,-
keen shoes,shopping,2023/6/17,Japan,osaka,20000,JPY,-
ikeda castle,inspection,2023/6/17,Japan,ikeda,770,JPY,-
ikeda overviewing,walking,2023/6/17,Japan,ikeda,0,JPY,-
turkie dish,Eating,2023/6/18,Japan,kobe,1000,JPY,with my friend
coffee,Eating,2023/6/18,Japan,kobe,450,JPY,with my friend
kobe forign people museum,inspection,2023/6/18,Japan,kobe,2100,JPY,with my friend
hospital,accident,2023/6/19,Japan,sanda,0,JPY,with my friend
vetnam barger ,shopping,2023/6/21,Vietnam,Ha Noi ,17100,VND,-
cashing from atm,cashing,2023/6/22,UK,London,20,GBP,-
macdnard,Eating,2023/6/23,UK,London,10,GBP,-
washing fee,washing,2023/6/23,UK,London,5,GBP,-
great ingland museum,inspection,2023/6/23,UK,London,5,GBP,-
keeping bagage fee,accident,2023/6/23,UK,London,5,GBP,great ingland museum
wentminstar temple,inspection,2023/6/23,UK,London,0,GBP,-
big ben clock tower,inspection,2023/6/23,UK,London,0,GBP,-
bakkingum palese,inspection,2023/6/23,UK,London,0,GBP,-
Reykjavik cathedral,inspection,2023/6/24,island,Reykjavik,0,ISK,-
island national museum,inspection,2023/6/24,island,Reykjavik,2500,ISK,-
daunats,Eating,2023/6/25,island,Reykjavik,200,JPY,-
Vorganes,walikng,2023/6/25,island,Vorganes,0,ISK,-
washing fee,washing,2023/6/26,island,Reykjavik,1500,ISK,-
meeting up with jeramy,accident,2023/6/27,island,Reykjavik,0,ISK,-
Hahunarfi,walking,2023/6/27,island,Hahunarfi,0,ISK,-
humberger,Eating,2023/6/28,Ireland,Dublin,9.5,EURO,-
irish coffee,Eating,2023/6/28,Ireland,Dublin,5,EURO,-
EU rail pass 30 days,ticket,2023/6/28,Ireland,Dublin,767,USD,-
wickrow beach,walking,2023/6/29,Ireland,Dublin,0,EURO,-
tea,Eating,2023/6/30,Ireland,Dublin,2.5,EURO,-
keeping bagage fee,Shopping,2023/6/30,UK,Belfast,1,GBP,-
alster national museum,inspection,2023/6/30,UK,Belfast,0,GBP,-
Belfast,walking,2023/6/30,UK,Belfast,0,GBP,-
lost acommodation fee in Edinburgh,accident,2023/6/30,UK,Belfast,27.36,EURO,-
daifuku,Eating,2023/7/1,UK,Edinburgh,2.5,GBP,-
dryer fee,washing,2023/7/1,UK,Edinburgh,3,GBP,-
Edinburgh,walikng,2023/7/1,UK,Edinburgh,0,GBP,-
costa coffee,Eating,2023/7/4,UK,Swansea,2.75,GBP,-
breefs x 3,Shopping,2023/7/4,UK,Southampton,5,GBP,-
washing fee,washing,2023/7/4,UK,London,7.5,GBP,-
I cant't exchange my northan irland currency,accident,2023/7/5,UK,London,7.5,GBP,-
bread,Eating,2023/7/5,France,Amiens,3.5,EURO,-
Croissant,Eating,2023/7/6,France,Amiens,1.1,EURO,-
Lille 24 hour ticket,ticket,2023/7/6,France,Amiens,5.4,EURO,-
Lille fortless,inspection,2023/7/6,France,Lille,0,EURO,-
Lille cathedral,inspection,2023/7/6,France,Lille,0,EURO,-
Amiens cathedral,inspection,2023/7/6,France,Amiens,0,EURO,-
ice candy,eating,2023/7/7,Luxemburg,Luxemburg,2.2,EURO,-
Belgien waffle,eating,2023/7/7,Belgien,Namur,3,EURO,-
Luxemburg cathedral,eating,2023/7/7,Luxemburg,Luxemburg,0,EURO,-
Luxemburg cathedral,inspection,2023/7/7,Luxemburg,Luxemburg,0,EURO,-
Luxemburg,walking,2023/7/7,Luxemburg,Luxemburg,0,EURO,-
Arlon cathedral,inspection,2023/7/7,Belgien,Arlon,0,EURO,-
namur fortless,inspection,2023/7/7,Belgien,Namur,0,EURO,-
poteto fried,eating,2023/7/8,Belgien,Leuven,5,EURO,-
Belgien beer,eating,2023/7/8,Belgien,Leuven,5,EURO,-
Belgien beer,eating,2023/7/8,Belgien,Leuven,4,EURO,-
Belgien beer,eating,2023/7/8,Belgien,Leuven,2.9,EURO,-
Hailstorm,accident,2023/7/8,Belgien,Bruxelles,0,EURO,-
san micheal cathedral,inspection,2023/7/8,Belgien,Bruxelles,0,EURO,-
Peeing Boy,inspection,2023/7/8,Belgien,Bruxelles,0,EURO,-
granplus,inspection,2023/7/8,Belgien,Bruxelles,0,EURO,-
loyal parese,inspection,2023/7/8,Belgien,Bruxelles,0,EURO,-
toilet fee,toilet,2023/7/9,Nederland,Amsterdam,0.7,EURO,-
Zaanse Schans,waling,2023/7/9,Nederland,Zaanse Schans,0,EURO,-
ice cream,eating,2023/7/11,Germany,Lubeck,1.5,EURO,-
beer,eating,2023/7/11,Germany,Flensburg,0.99,EURO,-
bread,eating,2023/7/11,Germany,Flensburg,5,EURO,-
beer,Eating,2023/7/12,Danmark,Kopenhagen,4,DKK,-
Aarhus cathedral,inspection,2023/7/12,Danmark,Aarhus,0,DKK,-
saint kunut cathedral,inspection,2023/7/13,Danmark,Roskilde,0,DKK,-
The Little Mermaid,inspection,2023/7/13,Danmark,Kopenhagen,0,DKK,-
Ham 100g,Eating,2023/7/13,Danmark,Roskilde,25,DKK,-
bread,Eating,2023/7/13,Danmark,Roskilde,12,DKK,-
cola,Eating,2023/7/13,Danmark,Roskilde,10,DKK,-
kuronbo castle,inspection,2023/7/13,Danmark,Helsingor,0,DKK,-
oslo 24 ticket,ticket,2023/7/14,Norway,Oslo,121,NOK,-
coffee,Eating,2023/7/15,Norway,Oslo,36,NOK,-
beer,Eating,2023/7/15,Norway,Trondheim,59,NOK,-
berger king,Eating,2023/7/15,Norway,Trondheim,77,NOK,-
toilet,toilet,2023/7/15,Norway,Trondheim,10,NOK,-
starting fortless,inspection,2023/7/15,Norway,Trondheim,0,NOK,-
nidaross fortless,inspection,2023/7/15,Norway,Trondheim,0,NOK,-
saint ruder chruch,inspection,2023/7/16,Norway,Bodo,0,NOK,-
super,Eating,2023/7/15,Norway,Bodo,1000,JPY,-
bodo port,waliking,2023/7/16,Norway,Bodo,0,JPY,-
bodo mountain,waliking,2023/7/16,Norway,Bodo,0,JPY,-
meeting up with german company,accident,2023/7/17,Norway,Narvik,0,JPY,-
narvik charch,inspection,2023/7/17,Norway,Narvik,0,JPY,-
supermarcket,shopping,2023/7/18,Sweden,Lulea,105,SEK,-
Kiruna chruch,inspection,2023/7/18,Sweden,Kiruna,0,SEK,-
dinner,Eating,2023/7/20,Finland,Helsinki,5.6,Euro,-
bread,Eating,2023/7/21,Finland,Joensuu,1.2,Euro,-
Joensuu chruch,inspection,2023/7/21,Finland,Joensuu,0,Euro,-
Joensuu national park,inspection,2023/7/21,Finland,Joensuu,0,Euro,-
helsinki 24 hour ticket,ticket,2023/7/22,Finland,Helsinki,9,Euro,-
helsinki cathedral,inspection,2023/7/22,Finland,Helsinki,0,Euro,-
helsinki beach,walking,2023/7/22,Finland,Helsinki,0,Euro,-
talinn overviewing,walking,2023/7/23,Estonia,Tallinn,0,Euro,-
Parnu beach,walking,2023/7/23,Estonia,Parnu,0,Euro,-
Riga cathedral,inspection,2023/7/24,Latvia,Riga,0,Euro,-
Sigulda fortless,inspection,2023/7/24,Latvia,Sigulda,2,Euro,-
Sigulda overviewing,walking,2023/7/24,Latvia,Sigulda,0,Euro,-
datumanya cave,walking,2023/7/24,Latvia,Sigulda,0,Euro,-
transport card,ticket,2023/7/25,Lithuania,Vilnius,2,Euro,-
charge,ticket,2023/7/25,Lithuania,Vilnius,3,Euro,-
free day ,accident,2023/7/25,Lithuania,Vilnius,0,Euro,-
sanito petero & paulo chruch,inspection,2023/7/25,Lithuania,Vilnius,0,Euro,-
saint ann charch,inspection,2023/7/25,Lithuania,Vilnius,0,Euro,-
gediminus tower,inspection,2023/7/25,Lithuania,Vilnius,0,Euro,-
ubupis republic,walking,2023/7/25,Lithuania,Vilnius,0,Euro,-
Trakai lakeside,walking,2023/7/25,Lithuania,Trakai,0,Euro,-
Kaunas castle,inspection,2023/7/25,Lithuania,Kaunas,0,Euro,-
ice cream,Eating,2023/7/25,Lithuania,Kaunas,2,Euro,-
vitautas grand duke war museum,inspection,2023/7/26,Lithuania,Kaunas,5,Euro,-
hes buger,inspection,2023/7/26,Lithuania,Kaunas,2.8,Euro,-
dounats,Eating,2023/7/27,Poland,Warszawa,11,PLN,-
20 minutes ticket,ticket,2023/7/27,Poland,Warszawa,3.4,PLN,-
75 minutes ticket,ticket,2023/7/27,Poland,Warszawa,4.4,PLN,-
statue of shopan,inspection,2023/7/27,Poland,Warszawa,0,PLN,-
wajenki palese,inspection,2023/7/27,Poland,Warszawa,0,PLN,-
wajenki palese,inspection,2023/7/27,Poland,Warszawa,0,PLN,-
bread,Eating,2023/7/28,Poland,Krakuw,2,PLN,-
exchanged to 22 zl,exchange,2023/7/28,Poland,Krakuw,5,EURO,-
krakuw cathedral,inspection,2023/7/28,Poland,Krakuw,22,PLN,-
krakuw castle,inspection,2023/7/28,Poland,Krakuw,0,PLN,-
guness beer,Eating,2023/7/28,Poland,Wrocaw,26,PLN,-
hot dog,Eating,2023/7/28,Poland,Wrocaw,8.5,PLN,-
EU rail pass 15 days,ticket,2023/7/29,Poland,Wrocaw,516,USD,-
hot dog,Eating,2023/7/29,Germany,Leipzig,3.5,EURO,-
beer,Eating,2023/7/29,Germany,Leipzig,1.79,EURO,-
Meisen cathedral,inspection,2023/7/29,Germany,Meisen,3,EURO,-
pretzels,Eating,2023/7/30,Germany,Erfurt,3,EURO,-
beer,Eating,2023/7/30,Germany,Stuttgart,11.8,EURO,fes
food,Eating,2023/7/30,Germany,Stuttgart,8,EURO,fes
90 min ticket,ticket,2023/7/31,Germany,Niamberg,3.4,EURO,-
niamberg castle,inspection,2023/7/31,Germany,Niamberg,0,EURO,-
30 min ticket x 2,ticket,2023/7/31,czech,Praha,60,CZK,-
praha chruch,inspection,2023/7/31,czech,Praha,0,CZK,-
praha castle,inspection,2023/7/31,czech,Praha,0,CZK,-
praha castle,Eating,2023/8/1,Slovakia,vrutky,1.2,EURO,-
ice cream,Eating,2023/8/2,Slovakia,Kosice,1.5,EURO,-
took the train to oppacite direction,accident,2023/8/3,Hungary,Miskolc,0,EURO,-
adapter for EU,shopping,2023/8/3,Hungary,Budapest,3000,HUF,-
24 hour ticket,ticket,2023/8/4,Hungary,Budapest,2500,HUF,-
exchanged to 700ft,exchange,2023/8/4,Hungary,Esztergom,2,EURO,-
Esztergom cathedral,inspection,2023/8/4,Hungary,Esztergom,0,HUF,-
Esztergom tresure room,inspection,2023/8/4,Hungary,Esztergom,1500,HUF,-
washing fee,washing,2023/8/4,Hungary,Budapest,8,EURO,-
soup,eating,2023/8/4,Hungary,Budapest,2000,HUF,-
pizza,eating,2023/8/4,Hungary,Budapest,2000,HUF,-
beer,eating,2023/8/4,Hungary,Budapest,1000,HUF,asahi super dry
Budapest castle,inspection,2023/8/4,Hungary,Budapest,0,HUF,-
saint isutborn cathedral,inspection,2023/8/4,Hungary,Budapest,0,HUF,-
60 min ticket,ticket,2023/8/5,Austria,Graf,3,EURO,-
120 min ticket,ticket,2023/8/6,Austria,Wien,2.4,EURO,-
shutefun cathedral,inspection,2023/8/6,Austria,Wien,0,EURO,-
royal palece,inspection,2023/8/6,Austria,Wien,0,EURO,-
60 min ticket,ticket,2023/8/6,Austria,Salzburg,2.2,EURO,-
mirabel garden,ticket,2023/8/6,Austria,Salzburg,0,EURO,-
hoenzalzburg castle,ticket,2023/8/6,Austria,Salzburg,0,EURO,-
tourlist visa,shopping,2023/8/7,Liechtenstein,Vaduz,3,EURO,-
Liechtenstein cathedral,shopping,2023/8/7,Liechtenstein,Vaduz,0,EURO,-
60 min ticket,ticket,2023/8/7,Switzerland,Zurich,4.4,CHF,-
banana x 2,eating,2023/8/7,Switzerland,Zurich,160,JPY,-
sweets,eating,2023/8/7,Switzerland,Zurich,1.2,CHF,-
sweets,eating,2023/8/8,Switzerland,Zurich,0.95,CHF,-
60 min ticket,ticket,2023/8/8,Switzerland,Genave,3,CHF,-
zurirch park,walking,2023/8/8,Switzerland,Zurich,0,CHF,-
Bern cathedral,inspection,2023/8/8,Switzerland,Bern,0,CHF,-
Genave cathedral,inspection,2023/8/8,Switzerland,Genave,0,CHF,-
lake leman,walking,2023/8/8,Switzerland,Genave,0,CHF,-
60 min ticket,ticket,2023/8/8,France,Lyon,2,CHF,-
pocky,Eating,2023/8/9,France,Bourges,1.2,Euro,-
Throat lozenges,Eating,2023/8/9,France,Vichy,3.5,Euro,-
Bourges Cathedral,inspection,2023/8/9,France,Bourges,0,Euro,-
Bourges wetland,walking,2023/8/9,France,Bourges,0,Euro,-
Drinking hot spring,Eating,2023/8/9,France,Vichy,0.5,Euro,-
transport card,ticket,2023/8/9,France,Clermont-Ferrand,2,Euro,-
micheran company,inspection,2023/8/10,France,Clermont-Ferrand,0,Euro,-
Notre Dame Cathedral,inspection,2023/8/10,France,Clermont-Ferrand,0,Euro,-
Notre Dame Cathedral,inspection,2023/8/10,France,Clermont-Ferrand,0,Euro,-
Pau castle,inspection,2023/8/11,France,Pau,0,Euro,-
wine ,Eating,2023/8/11,France,La Reole,2.5,Euro,-
backpack,shopping,2023/8/11,France,Bordeaux,5,Euro,-
air Pillow,shopping,2023/8/11,France,Bordeaux,13,Euro,-
great bell,inspection,2023/8/11,France,Bordeaux,0,Euro,-
Bayonne cathedral,inspection,2023/8/12,France,Bayonne,0,Euro,-
Hendaye walking,walking,2023/8/12,France,Hendaye,0,Euro,-
santa maria cathedral,inspection,2023/8/12,Spine,Hondarribia,0,Euro,-
Donostia fortless,inspection,2023/8/12,Spine,Donostia,0,Euro,-
Donostia cathedral,inspection,2023/8/12,Spine,Donostia,0,Euro,-
Pamplona cathedral,inspection,2023/8/12,Spine,Pamplona,0,Euro,-
toilet,toilet,2023/8/13,Spine,Zaragoza,1,Euro,-
Zaragoza cathedal,inspection,2023/8/13,Spine,Zaragoza,0,Euro,-
arufafiria palese,inspection,2023/8/13,Spine,Zaragoza,0,Euro,-
cola + biscut,Eating,2023/8/13,Spine,Zaragoza,3.9,Euro,-
emparada,Eating,2023/8/13,Spine,Madrid,7.5,Euro,-
Croissant,Eating,2023/8/13,Spine,Madrid,2.5,Euro,-
transport card,ticket,2023/8/13,Spine,Madrid,2.5,Euro,-
toredo fortless,walking,2023/8/14,Spine,toledo,0,Euro,-
Madrid park,walking,2023/8/14,Spine,toledo,0,Euro,-
Sevilla cathedral,inspection,2023/8/14,Spine,Sevilla,0,Euro,-
sarbador cahrch,inspection,2023/8/14,Spine,Sevilla,0,Euro,-
spine park,inspection,2023/8/15,Spine,Sevilla,0,Euro,-
Algeciras park,walking,2023/8/15,Spine,Algeciras,0,Euro,-
king wall,inspection,2023/8/15,Spine,Ceuta,0,Euro,-
ice cream,Eating,2023/8/15,Morocco,Fnideku,10,MAD,-
cola,Eating,2023/8/15,Morocco,Fnideku,5,MAD,-
bread,Eating,2023/8/15,Morocco,Fnideku,6,MAD,-
dinner,Eating,2023/8/15,Morocco,Tangier,20,MAD,-
walking around tanginer with morocco's people,accident,2023/8/15,Morocco,Tangier,0,MAD,-
coffee,Eating,2023/8/16,Morocco,Tangier,14,MAD,-
lunch,Eating,2023/8/16,Morocco,Tangier,20,MAD,-
tangier beach,walking,2023/8/16,Morocco,Tangier,0,MAD,-
bread,Eating,2023/8/17,Morocco,Chefchaouen,8,MAD,-
scacks,Eating,2023/8/17,Morocco,Chefchaouen,8,MAD,-
toilet,toilet,2023/8/17,Morocco,Chefchaouen,1,MAD,-
Chefchaouen overviewing,walking,2023/8/17,Morocco,Chefchaouen,1,MAD,-
meeting up with some japanese,accident,2023/8/17,Morocco,Chefchaouen,0,MAD,-
rambled the fes labiriz,accident,2023/8/17,Morocco,Fes,0,MAD,-
fes royal palece,inspection,2023/8/17,Morocco,Fes,0,MAD,-
the grave of merinideth,inspection,2023/8/17,Morocco,Fes,0,MAD,-
coffee,Eating,2023/8/18,Morocco,Fes,10,MAD,-
bread,Eating,2023/8/18,Morocco,Fes,16,MAD,-
dounats,Eating,2023/8/18,Morocco,Meknes,16,MAD,-
panini,Eating,2023/8/18,Morocco,Meknes,34,MAD,-
hot dog,Eating,2023/8/18,Morocco,Meknes,6,MAD,-
meeting up with marco,accident,2023/8/18,Morocco,Meknes,0,MAD,-
kuskus,Eating,2023/8/19,Morocco,Rabat,50,MAD,-
Sale beach,walking,2023/8/19,Morocco,Sale,0,MAD,-
hassan tower,inspection,2023/8/19,Morocco,Rabat,0,MAD,-
introduce caspa,accident,2023/8/20,Morocco,Rabat,5,MAD,-
rabat beach,walking,2023/8/20,Morocco,Rabat,0,MAD,-
strange meat,Eating,2023/8/21,Morocco,bus,20,MAD,-
Essaouira museum,inspection,2023/8/21,Morocco,Essaouira,60,MAD,-
Essaouira beach,walking,2023/8/21,Morocco,Essaouira,0,MAD,-
Essaouira fortless,walking,2023/8/21,Morocco,Essaouira,0,MAD,-
toilet,toilet,2023/8/21,Morocco,bus,2,MAD,-
had bad status because Lack of sleep and diarrhea,accident,2023/8/22,Morocco,bus,0,MAD,-
kuskus,Eating,2023/8/22,Morocco,marrakech,40,MAD,-
sandwich,Eating,2023/8/24,Morocco,marrakech,15,MAD,-
cake + tea,Eating,2023/8/24,Morocco,marrakech,20,MAD,-
soda,Eating,2023/8/25,Morocco,marrakech,10,MAD,-
soda,Eating,2023/8/25,Morocco,Ouarzazate,20,MAD,-
tea,Eating,2023/8/26,Morocco,Ouarzazate,5,MAD,-
napolitan,Eating,2023/8/26,Morocco,Errachidia,15,MAD,-
panini,Eating,2023/8/27,Morocco,bus,45,MAD,-
panini,Eating,2023/8/28,Morocco,Meknes,20,MAD,-
coffee,Eating,2023/8/28,Morocco,Meknes,15,MAD,-
tea,Eating,2023/8/28,Morocco,Oujda,10,MAD,-
tajin,Eating,2023/8/29,Morocco,Oujda,40,MAD,-
juice,Eating,2023/8/29,Morocco,Oujda,14,MAD,-
beer + snack,Eating,2023/8/30,-,ferry,3.5,EURO,-
nador beach,walking,2023/8/30,Morocco,nador,0,MAD,-
exchanged to 31 eur,exchange,2023/8/30,Morocco,nador,340,MAD,-
missed deparute port,accident,2023/8/30,Morocco,nador,0,MAD,-
